seq_id,sq_ft_raw,total_bedrooms,median_price_usd,ocean_proximity
100001,1859.0,,427127.07,ISLAND
100002,1439.2,3,375244.65,NEAR BAY
100003,1603.9,3,880842.76,
100004,,3,631955.48,ISLAND
100005,1531.2,1,404367.11,NEAR BAY
100006,1056.4,2,557980.18,<1H OCEAN
100007,,,307787.78,<1H OCEAN
100008,1941.1,99,433267.2,INLAND
100009,1501.7,,485934.38,NEAR BAY
100010,1326.0,5,323635.85,INLAND
100011,1105.4,99,406761.63,ISLAND
100012,2834.5,5,580680.98,<1H OCEAN
100013,,1,208720.07,ISLAND
100014,,4,797165.59,island
100015,1284.8,1,487767.99,island
100016,1694.4,,443123.45,island
100017,2033.4,2,390303.82,NEAR BAY
100018,-999.0,99,383288.03,NEAR OCEAN
100019,1728.5,1,320530.3,NEAR BAY
100020,2370.7,4,312166.43,island
100021,1605.6,1,265960.07,INLAND
100022,1669.4,99,461487.34,<1H OCEAN
100023,1571.5,3,261530.21,
100024,2676.8,3,701677.55,ISLAND
100025,2825.9,5,79828.45,ISLAND
100026,2234.7,2,434661.2,inland
100027,1778.6,99,334669.29,INLAND
100028,2349.1,2,411057.6,NEAR OCEAN
100029,1512.5,2,634235.62,ISLAND
100030,2311.5,,599189.48,ISLAND
100031,1563.6,99,349158.22,
100032,2489.3,4,424036.57,ISLAND
100033,1236.2,4,251912.67,<1H OCEAN
100034,2614.1,3,646999.04,ISLAND
100035,1814.3,1,442931.14,<1H OCEAN
100036,1689.0,5,139319.07,
100037,2588.6,4,547293.55,ISLAND
100038,1247.1,5,687358.04,NEAR OCEAN
100039,,2,232977.23,ISLAND
100040,1879.4,99,454909.11,island
100041,2124.2,5,505349.25,inland
100042,1808.7,1,614559.07,<1H OCEAN
100043,2226.3,2,667862.21,inland
100044,1695.8,1,445849.63,
100045,1369.3,3,610810.24,island
100046,1981.8,1,561275.74,INLAND
100047,1676.7,4,326383.65,NEAR OCEAN
100048,1597.8,99,286731.79,NEAR BAY
100049,2196.2,3,349723.08,
100050,1526.8,2,707596.74,ISLAND
100051,1530.9,4,473275.67,INLAND
100052,,5,584031.64,island
100053,1957.2,99,531056.81,inland
100054,1539.9,3,274731.42,island
100055,2945.7,4,608999.11,island
100056,1715.6,3,952846.22,NEAR OCEAN
100057,1670.0,4,578517.44,NEAR BAY
100058,1694.1,4,382159.07,<1H OCEAN
100059,1982.2,99,660073.63,island
100060,1385.1,5,784647.57,ISLAND
100061,2536.6,1,294595.1,inland
100062,1382.9,1,217490.11,<1H OCEAN
100063,1838.7,3,500686.25,INLAND
100064,1946.8,,813732.38,<1H OCEAN
100065,2785.5,99,429285.96,ISLAND
100066,1618.1,5,564121.99,NEAR OCEAN
100067,1546.7,3,767089.69,ISLAND
100068,1785.7,5,486432.93,ISLAND
100069,1648.5,1,513993.83,NEAR BAY
100070,1938.5,5,663944.73,NEAR OCEAN
100071,1617.8,5,569770.16,
100072,1897.6,3,543703.43,<1H OCEAN
100073,1244.9,5,244826.01,INLAND
100074,756.8,4,651791.81,NEAR OCEAN
100075,-999.0,2,588760.96,<1H OCEAN
100076,1810.5,4,622497.36,INLAND
100077,2095.6,5,601854.74,ISLAND
100078,1233.2,3,642238.66,inland
100079,1307.3,2,600145.78,
100080,1927.4,1,322947.58,<1H OCEAN
100081,2180.2,99,405404.24,NEAR BAY
100082,1825.4,3,371908.8,NEAR BAY
100083,330.9,5,469743.74,island
100084,1706.8,3,440377.23,ISLAND
100085,1865.9,2,14383.91,inland
100086,1874.2,3,412823.06,NEAR OCEAN
100087,2448.6,3,346743.34,ISLAND
100088,1135.5,5,485244.51,<1H OCEAN
100089,1620.6,,474511.44,NEAR BAY
100090,,,338320.06,ISLAND
100091,1770.7,,367455.81,ISLAND
100092,-999.0,5,778180.45,
100093,1442.5,99,363934.7,ISLAND
100094,2494.1,,393142.37,NEAR BAY
100095,2357.1,3,541384.89,ISLAND
100096,607.5,3,597476.35,
100097,2113.5,3,612749.77,INLAND
100098,1804.5,3,407088.92,ISLAND
100099,1060.7,3,667138.92,ISLAND
100100,2422.5,2,124140.2,<1H OCEAN
100101,1616.5,,507385.84,island
100102,1981.3,2,411867.26,
100103,572.1,2,316796.26,<1H OCEAN
100104,2289.6,3,196773.77,NEAR BAY
100105,1936.0,3,252193.19,ISLAND
100106,1757.6,4,596455.63,ISLAND
100107,1145.8,3,543808.45,NEAR BAY
100108,1802.9,3,688840.25,<1H OCEAN
100109,2887.4,99,668102.16,ISLAND
100110,1730.8,2,820748.6,inland
100111,2453.3,1,336344.32,<1H OCEAN
100112,933.1,1,409909.95,ISLAND
100113,2736.2,99,157590.29,ISLAND
100114,1814.5,5,441245.98,ISLAND
100115,1629.0,1,324310.03,<1H OCEAN
100116,2131.8,5,406318.9,
100117,1012.6,2,368111.9,INLAND
100118,1525.2,2,181594.57,INLAND
100119,2428.5,1,506548.02,NEAR BAY
100120,1528.7,4,455031.26,NEAR OCEAN
100121,3355.9,3,486013.42,NEAR BAY
100122,2000.5,1,306580.28,inland
100123,1796.1,,206782.51,<1H OCEAN
100124,2046.5,3,605197.53,island
100125,2162.5,4,497210.3,NEAR OCEAN
100126,767.9,,372982.54,NEAR OCEAN
100127,2050.0,3,324531.67,NEAR OCEAN
100128,1573.2,99,557290.74,island
100129,2879.4,2,785327.26,NEAR OCEAN
100130,2633.1,3,665126.01,inland
100131,1324.4,1,279098.6,INLAND
100132,1652.6,3,295885.74,INLAND
100133,1059.9,,441379.48,inland
100134,2200.5,4,833409.1,ISLAND
100135,1272.1,5,345032.26,NEAR OCEAN
100136,1715.4,1,490290.48,INLAND
100137,1384.7,99,329608.61,NEAR OCEAN
100138,2124.3,,616992.93,NEAR OCEAN
100139,1411.4,,177810.33,NEAR OCEAN
100140,1139.1,5,584041.29,NEAR BAY
100141,1614.5,4,178437.65,island
100142,2664.4,3,514775.34,ISLAND
100143,1626.2,1,143347.56,NEAR OCEAN
100144,1197.3,3,463208.87,inland
100145,994.0,,219143.45,ISLAND
100146,2497.2,1,46247.32,ISLAND
100147,2289.1,2,435442.65,NEAR OCEAN
100148,2388.6,4,333975.98,NEAR BAY
100149,1155.6,,501567.79,inland
100150,1336.0,1,302008.91,
100151,1980.9,1,662236.1,INLAND
100152,1961.9,5,522710.52,INLAND
100153,1639.5,99,741272.14,NEAR OCEAN
100154,2564.0,4,443622.73,
100155,1427.3,99,617762.93,ISLAND
100156,2011.6,1,394547.64,inland
100157,1224.0,3,588266.66,ISLAND
100158,1423.8,5,367689.41,<1H OCEAN
100159,2018.5,1,638288.0,inland
100160,1416.3,2,797570.93,inland
100161,2016.5,1,779000.99,
100162,2106.0,3,538227.35,
100163,1954.6,2,267784.33,NEAR BAY
100164,2168.9,2,462672.59,island
100165,1382.7,2,360131.37,<1H OCEAN
100166,1812.7,5,398509.45,island
100167,2079.5,3,261605.76,
100168,1412.4,5,586678.86,NEAR BAY
100169,1682.7,3,285787.66,
100170,1006.6,3,592598.96,
100171,1805.1,3,471322.56,NEAR BAY
100172,1379.6,5,616301.73,INLAND
100173,1681.7,99,542712.13,
100174,1909.2,3,498132.32,<1H OCEAN
100175,1448.6,3,338391.56,NEAR BAY
100176,2139.9,3,344784.05,
100177,313.6,,675036.12,NEAR OCEAN
100178,1327.3,5,340432.91,ISLAND
100179,1965.2,3,873908.18,ISLAND
100180,1609.0,1,283469.29,NEAR OCEAN
100181,1046.9,3,404815.34,ISLAND
100182,931.2,,539295.05,inland
100183,1934.1,,465584.15,
100184,3078.0,2,332934.95,
100185,1705.9,1,319991.75,NEAR OCEAN
100186,1847.3,5,637062.39,INLAND
100187,2809.7,,355218.04,NEAR OCEAN
100188,1193.4,99,368140.62,inland
100189,1305.9,1,376391.41,INLAND
100190,2149.0,2,342695.78,NEAR OCEAN
100191,2267.0,5,392501.41,INLAND
100192,2218.7,3,311851.25,
100193,1444.7,99,540229.19,<1H OCEAN
100194,765.6,3,421189.56,
100195,1600.4,2,484498.19,NEAR BAY
100196,1989.1,,623342.33,
100197,1334.7,,813727.61,
100198,2138.1,99,535212.8,ISLAND
100199,1529.4,1,317686.27,
100200,1934.5,3,639668.59,NEAR OCEAN
100201,615.4,,403944.59,inland
100202,2141.1,1,558295.39,inland
100203,2468.9,99,492312.3,NEAR OCEAN
100204,1352.6,4,215539.45,<1H OCEAN
100205,1918.8,99,347739.43,island
100206,2114.6,99,166530.49,INLAND
100207,1049.2,5,39527.03,NEAR OCEAN
100208,2615.5,,454699.2,NEAR BAY
100209,2321.3,,641180.96,ISLAND
100210,1679.1,2,593424.81,inland
100211,1279.5,3,429342.07,inland
100212,1972.5,3,401064.31,ISLAND
100213,2013.7,,313612.37,inland
100214,3489.5,5,343938.89,NEAR OCEAN
100215,1441.2,4,697339.68,NEAR OCEAN
100216,1626.5,4,508880.14,NEAR OCEAN
100217,763.6,3,452093.94,NEAR OCEAN
100218,1352.9,3,344022.66,island
100219,1584.3,3,478499.62,inland
100220,1949.1,99,432571.96,NEAR OCEAN
100221,1384.5,1,703482.87,
100222,1785.4,2,612449.64,
100223,1018.7,5,524528.55,island
100224,2592.2,3,499227.87,NEAR BAY
100225,,4,421904.11,NEAR OCEAN
100226,2429.0,3,194937.86,ISLAND
100227,1346.5,2,498510.85,
100228,2023.9,5,251632.45,NEAR BAY
100229,1655.0,99,636073.77,island
100230,1627.9,3,559635.39,inland
100231,1640.2,5,365543.68,INLAND
100232,2056.8,5,546929.24,ISLAND
100233,1920.8,3,560924.64,NEAR OCEAN
100234,1894.8,,468724.25,NEAR OCEAN
100235,2076.6,,219519.97,island
100236,1774.3,1,710027.44,inland
100237,2016.6,4,304250.11,<1H OCEAN
100238,2337.7,2,207074.66,
100239,520.4,4,465680.77,NEAR BAY
100240,1953.7,3,191411.51,inland
100241,1558.1,4,329669.36,
100242,2056.3,3,475305.44,ISLAND
100243,2104.8,3,583592.78,INLAND
100244,1854.7,3,548493.19,island
100245,1854.7,2,373931.23,
100246,1243.8,99,501251.81,
100247,1538.8,5,451372.39,ISLAND
100248,2796.7,1,735968.67,NEAR BAY
100249,2412.5,4,487002.56,<1H OCEAN
100250,1464.2,3,629000.24,
100251,2016.2,1,650731.22,ISLAND
100252,2315.7,1,488204.49,island
100253,1658.4,99,401751.75,
100254,299.1,5,520256.85,ISLAND
100255,1247.1,5,381225.8,
100256,1468.2,3,287805.73,INLAND
100257,2829.8,1,514628.12,inland
100258,1047.5,4,372501.66,ISLAND
100259,504.8,3,204953.75,INLAND
100260,2109.2,2,489983.18,
100261,1895.9,5,639152.17,<1H OCEAN
100262,1716.6,2,404158.25,
100263,1854.0,3,335963.0,NEAR OCEAN
100264,1476.1,5,420314.17,INLAND
100265,525.1,3,749531.21,NEAR OCEAN
100266,989.2,3,523338.75,NEAR OCEAN
100267,2285.9,3,355660.84,NEAR OCEAN
100268,2168.5,3,656866.98,<1H OCEAN
100269,1265.9,3,573871.42,
100270,1725.2,4,268649.59,inland
100271,,99,539670.39,inland
100272,1847.2,5,680407.17,inland
100273,2243.4,99,439182.83,ISLAND
100274,2732.6,3,614819.2,inland
100275,2838.3,99,599690.55,ISLAND
100276,1477.1,3,511102.78,island
100277,1827.0,3,591730.54,ISLAND
100278,1900.0,2,317877.26,island
100279,2877.4,5,360887.81,island
100280,2612.4,3,393794.98,NEAR OCEAN
100281,1507.3,1,395805.46,NEAR OCEAN
100282,1899.6,5,533222.01,INLAND
100283,2032.7,1,638620.11,NEAR BAY
100284,2012.1,2,488222.02,ISLAND
100285,2108.5,4,120366.46,INLAND
100286,1705.7,,271047.46,island
100287,-999.0,2,335226.0,<1H OCEAN
100288,1709.9,3,566905.37,<1H OCEAN
100289,1033.4,99,279031.23,NEAR BAY
100290,2059.7,,370920.87,island
100291,1428.2,2,251546.5,NEAR BAY
100292,1254.7,3,414835.1,ISLAND
100293,1173.3,1,431319.77,NEAR OCEAN
100294,2005.0,3,470842.13,
100295,1518.6,2,702336.51,
100296,2441.0,4,286686.23,ISLAND
100297,1465.2,1,736583.02,island
100298,2229.2,3,435378.98,inland
100299,1592.7,5,502454.66,INLAND
100300,,1,406306.39,NEAR BAY
100301,2134.5,1,624883.45,ISLAND
100302,1498.9,3,346343.17,<1H OCEAN
100303,1146.8,,535315.05,island
100304,2369.0,3,712522.88,NEAR BAY
100305,230.3,,305835.28,NEAR BAY
100306,699.6,2,237170.78,island
100307,1769.7,3,332940.16,INLAND
100308,,2,531699.62,ISLAND
100309,2623.5,3,601936.68,NEAR BAY
100310,2236.6,2,319022.41,<1H OCEAN
100311,1705.7,99,286239.38,island
100312,2372.8,3,770847.95,INLAND
100313,1850.6,3,476617.1,
100314,970.8,2,277977.33,INLAND
100315,1973.7,3,327761.97,
100316,1671.1,3,406221.81,island
100317,1243.3,5,390499.57,inland
100318,1679.2,3,390902.12,NEAR OCEAN
100319,2155.3,1,471567.68,ISLAND
100320,821.5,99,430652.97,island
100321,2476.9,4,598578.56,island
100322,2048.1,99,370664.98,NEAR OCEAN
100323,2648.0,4,400789.29,NEAR BAY
100324,1932.6,4,576980.13,NEAR OCEAN
100325,2234.1,5,516164.0,INLAND
100326,2738.6,1,437515.34,ISLAND
100327,2320.6,,544830.57,ISLAND
100328,1424.7,1,492294.56,
100329,,,399526.22,<1H OCEAN
100330,,3,413406.9,inland
100331,2926.8,1,274726.74,NEAR BAY
100332,1541.2,5,228974.81,NEAR BAY
100333,1897.8,4,573823.86,INLAND
100334,943.0,3,790380.93,
100335,1925.0,1,495994.75,inland
100336,1800.7,,702110.77,inland
100337,-999.0,5,398475.99,NEAR OCEAN
100338,1976.2,99,669855.4,NEAR OCEAN
100339,1681.9,99,733748.24,INLAND
100340,1118.9,1,657751.14,NEAR BAY
100341,1965.2,2,564062.29,NEAR OCEAN
100342,1940.7,3,165615.44,island
100343,957.6,,128030.41,inland
100344,1302.9,,613684.91,INLAND
100345,2609.5,,506555.12,island
100346,1565.8,3,463380.68,NEAR BAY
100347,1853.4,4,415964.82,
100348,1854.3,4,229673.02,inland
100349,1566.7,,418865.06,NEAR BAY
100350,2039.7,99,641823.89,NEAR OCEAN
100351,413.3,2,591610.5,<1H OCEAN
100352,,3,276800.28,INLAND
100353,2341.7,99,471538.92,ISLAND
100354,2838.7,3,343602.27,NEAR BAY
100355,2014.8,5,363408.93,NEAR OCEAN
100356,1677.4,3,419919.66,island
100357,1294.6,99,407485.74,INLAND
100358,1985.1,1,317504.39,NEAR OCEAN
100359,2414.5,99,467665.02,NEAR BAY
100360,2368.6,99,620823.8,NEAR OCEAN
100361,1106.7,99,594921.81,
100362,2338.1,3,555946.32,<1H OCEAN
100363,1899.3,3,181351.47,INLAND
100364,2379.5,3,412833.0,
100365,1873.3,2,394237.66,
100366,2096.6,,541829.66,inland
100367,2633.8,4,212241.37,NEAR BAY
100368,2415.4,99,550025.62,<1H OCEAN
100369,828.3,2,308749.91,NEAR BAY
100370,2516.8,99,596020.82,island
100371,2158.5,,403242.11,NEAR OCEAN
100372,1683.2,3,282656.68,island
100373,1388.9,5,638804.5,<1H OCEAN
100374,2059.4,5,254715.06,NEAR BAY
100375,1900.2,5,570799.44,island
100376,2602.3,4,510259.04,NEAR OCEAN
100377,2239.8,4,190124.95,
100378,833.0,5,591061.83,inland
100379,673.2,3,682515.53,<1H OCEAN
100380,1468.1,99,425675.28,INLAND
100381,983.3,3,240354.4,
100382,795.4,5,450708.79,NEAR OCEAN
100383,1063.6,4,478313.25,
100384,1408.4,,520137.48,ISLAND
100385,1768.2,3,314972.19,island
100386,1703.4,2,268519.42,
100387,1412.0,5,171914.18,<1H OCEAN
100388,1220.5,3,531478.0,<1H OCEAN
100389,1236.0,,627083.22,NEAR BAY
100390,1436.9,5,443571.1,<1H OCEAN
100391,1054.3,1,476287.69,NEAR BAY
100392,914.1,2,530331.85,INLAND
100393,,3,711243.93,NEAR OCEAN
100394,414.2,5,624021.02,<1H OCEAN
100395,2464.1,5,573748.44,INLAND
100396,848.6,3,377535.52,NEAR BAY
100397,2704.9,99,519468.59,ISLAND
100398,2771.0,5,247429.41,NEAR BAY
100399,1750.8,1,390386.64,inland
100400,992.2,,629042.4,NEAR OCEAN
100401,2256.7,5,628226.28,NEAR BAY
100402,946.7,5,274587.46,INLAND
100403,2808.9,1,296603.82,NEAR BAY
100404,832.8,1,565570.85,island
100405,1206.0,,782214.66,NEAR OCEAN
100406,1839.1,4,438843.51,island
100407,2904.9,99,578177.36,NEAR BAY
100408,1664.6,4,350646.33,inland
100409,2053.6,1,726967.13,<1H OCEAN
100410,3062.5,3,141524.33,INLAND
100411,2456.1,4,273837.76,NEAR BAY
100412,2013.0,1,275321.95,<1H OCEAN
100413,1442.1,1,366227.47,NEAR OCEAN
100414,1643.2,4,623409.01,inland
100415,1072.1,5,141852.78,ISLAND
100416,1503.0,4,473750.51,island
100417,1719.6,2,511008.25,NEAR OCEAN
100418,819.9,1,555642.99,INLAND
100419,3192.1,99,216848.95,NEAR BAY
100420,2147.8,4,461299.17,NEAR OCEAN
100421,1146.0,1,397379.18,inland
100422,1595.5,,544532.63,ISLAND
100423,1726.2,3,784315.84,INLAND
100424,1543.9,3,612472.01,inland
100425,1292.2,4,452778.01,<1H OCEAN
100426,1578.1,4,534571.58,NEAR OCEAN
100427,2044.8,2,610333.87,NEAR OCEAN
100428,2051.6,3,524534.08,
100429,,99,536853.36,NEAR OCEAN
100430,2284.7,3,508971.19,
100431,2329.8,3,421004.24,NEAR BAY
100432,2256.3,1,574914.64,island
100433,1913.2,1,365755.22,island
100434,1853.6,1,528733.1,<1H OCEAN
100435,,5,470259.89,island
100436,1366.8,5,574579.18,<1H OCEAN
100437,,99,321526.29,<1H OCEAN
100438,1878.8,5,635472.32,<1H OCEAN
100439,,99,485189.01,NEAR BAY
100440,2452.5,99,481412.17,NEAR BAY
100441,2034.3,1,442799.73,INLAND
100442,1121.9,3,647546.13,NEAR OCEAN
100443,2541.6,4,439110.14,
100444,737.1,2,433376.15,NEAR OCEAN
100445,1811.0,3,565052.36,NEAR OCEAN
100446,897.5,3,483890.54,island
100447,,5,588564.53,NEAR OCEAN
100448,2999.0,1,339169.3,
100449,1544.0,3,427201.43,ISLAND
100450,1890.3,5,731650.27,
100451,2559.2,4,443831.62,ISLAND
100452,1669.8,5,329705.91,island
100453,,2,624746.37,inland
100454,2351.4,2,525965.15,island
100455,2358.8,,443636.7,island
100456,2564.2,1,597871.5,NEAR OCEAN
100457,1413.4,3,246742.09,INLAND
100458,2131.9,1,241772.78,ISLAND
100459,1848.7,1,248405.75,NEAR BAY
100460,2358.0,3,581975.31,NEAR BAY
100461,889.3,,403841.98,<1H OCEAN
100462,3231.2,,383410.12,ISLAND
100463,-999.0,2,550002.08,
100464,1794.6,1,365080.48,NEAR BAY
100465,-999.0,1,630297.31,NEAR BAY
100466,1882.7,,257222.79,<1H OCEAN
100467,,2,504639.84,<1H OCEAN
100468,,2,262381.77,ISLAND
100469,2466.0,99,499676.78,
100470,2432.3,,716692.24,inland
100471,1859.8,2,731844.24,island
100472,1376.4,3,481349.7,NEAR OCEAN
100473,1832.7,2,635502.58,NEAR BAY
100474,1188.7,2,387393.93,INLAND
100475,1762.9,5,403997.11,ISLAND
100476,1295.8,4,466873.24,NEAR OCEAN
100477,1893.0,2,363472.21,NEAR BAY
100478,2202.6,99,293548.14,NEAR OCEAN
100479,3094.9,4,554160.15,ISLAND
100480,1316.7,3,427021.99,<1H OCEAN
100481,2657.4,2,417623.42,ISLAND
100482,1480.4,4,533595.99,island
100483,1732.2,2,220842.57,ISLAND
100484,1818.0,5,386114.71,NEAR OCEAN
100485,1502.0,5,478092.41,NEAR OCEAN
100486,1797.0,3,322288.27,INLAND
100487,1628.1,3,541905.8,inland
100488,216.3,,478653.93,
100489,1900.3,4,420696.82,INLAND
100490,1858.4,3,414469.94,ISLAND
100491,1838.1,,509031.98,<1H OCEAN
100492,1908.7,5,693968.41,island
100493,1870.8,4,358331.12,NEAR OCEAN
100494,2692.3,99,357969.21,NEAR OCEAN
100495,2005.5,2,352804.2,<1H OCEAN
100496,1425.4,3,575721.06,ISLAND
100497,1684.4,,939900.3,ISLAND
100498,2927.1,2,449732.32,
100499,1488.3,99,628400.75,island
100500,1741.0,5,688619.43,ISLAND
100501,1364.6,2,651264.97,
100502,1573.7,99,161345.41,NEAR OCEAN
100503,1722.7,3,261165.54,inland
100504,,,521125.43,NEAR OCEAN
100505,1754.9,4,526630.61,inland
100506,1748.6,4,677803.19,island
100507,2119.3,3,676711.33,island
100508,2350.9,5,509680.97,ISLAND
100509,,,385298.64,NEAR OCEAN
100510,1392.6,2,640068.78,
100511,2360.3,2,285786.33,<1H OCEAN
100512,1669.6,4,484799.38,NEAR OCEAN
100513,2691.4,3,420114.11,NEAR OCEAN
100514,1074.3,1,602744.67,<1H OCEAN
100515,1773.4,2,544913.2,ISLAND
100516,1783.2,3,382765.08,ISLAND
100517,1396.1,,645730.74,island
100518,,3,380984.41,island
100519,1805.8,3,664718.56,INLAND
100520,2155.6,1,688496.98,<1H OCEAN
100521,2325.9,99,493109.61,
100522,1389.5,99,464287.43,<1H OCEAN
100523,1038.9,,515111.84,inland
100524,1567.8,1,429528.07,NEAR OCEAN
100525,1343.4,5,677350.02,INLAND
100526,798.5,5,480603.41,INLAND
100527,,3,239645.73,
100528,-999.0,3,487220.46,<1H OCEAN
100529,1002.9,,477877.98,INLAND
100530,1887.4,3,519236.18,island
100531,2094.1,2,281429.33,NEAR BAY
100532,1647.2,2,464335.49,NEAR OCEAN
100533,1758.2,5,485986.06,<1H OCEAN
100534,,4,389206.43,ISLAND
100535,1363.3,3,596494.67,island
100536,2753.1,,246296.42,inland
100537,1188.5,99,717364.4,inland
100538,1934.6,2,457507.84,inland
100539,2967.7,3,492662.16,INLAND
100540,1907.5,3,439222.57,<1H OCEAN
100541,1836.4,4,518407.62,NEAR BAY
100542,1581.6,3,340751.26,NEAR OCEAN
100543,1567.3,1,427324.5,island
100544,2070.9,1,406209.26,ISLAND
100545,2195.3,,308698.41,island
100546,1884.9,3,485767.21,inland
100547,2998.4,2,477834.4,INLAND
100548,1802.2,99,224598.83,ISLAND
100549,2291.2,,497153.88,
100550,1558.5,2,617962.94,
100551,2579.8,2,583833.7,
100552,2399.5,4,615780.65,<1H OCEAN
100553,2772.7,99,579861.0,<1H OCEAN
100554,2627.4,,465177.22,inland
100555,647.8,99,409790.47,INLAND
100556,1832.2,3,613746.28,INLAND
100557,2064.8,99,239437.07,NEAR BAY
100558,1630.8,3,557284.12,NEAR BAY
100559,2102.4,99,433187.87,NEAR OCEAN
100560,2023.5,99,380345.99,ISLAND
100561,1280.0,,389729.38,ISLAND
100562,1240.5,4,613666.4,island
100563,-999.0,,415933.63,INLAND
100564,1494.7,5,499059.07,island
100565,2530.8,5,366398.73,island
100566,1544.8,1,263673.56,<1H OCEAN
100567,2296.7,,358070.29,<1H OCEAN
100568,1562.3,3,441560.08,<1H OCEAN
100569,2352.8,3,255610.08,INLAND
100570,1926.8,99,345588.38,<1H OCEAN
100571,1999.5,5,406048.95,
100572,1909.3,99,416300.28,ISLAND
100573,1265.5,1,464386.96,NEAR OCEAN
100574,2844.5,3,609488.89,ISLAND
100575,1031.9,1,424662.65,ISLAND
100576,1441.4,2,595172.05,
100577,830.9,99,520471.32,NEAR OCEAN
100578,2023.3,5,539398.29,island
100579,2111.4,5,481560.01,island
100580,-999.0,3,573376.88,island
100581,2984.7,1,794517.69,NEAR OCEAN
100582,2744.9,99,475197.21,<1H OCEAN
100583,1613.4,1,689431.9,INLAND
100584,1285.9,1,624055.15,<1H OCEAN
100585,1210.4,3,307849.68,NEAR OCEAN
100586,2144.7,3,630050.94,
100587,844.7,99,348102.63,<1H OCEAN
100588,1981.8,1,436440.16,inland
100589,793.3,5,295687.7,inland
100590,1250.4,3,612436.81,
100591,2468.1,3,509305.22,island
100592,1615.5,4,640676.08,island
100593,1678.9,,243391.98,ISLAND
100594,2053.9,4,387203.37,
100595,2120.1,5,687686.62,island
100596,-999.0,99,700851.26,<1H OCEAN
100597,1760.4,2,185394.66,ISLAND
100598,1341.6,2,663992.75,NEAR OCEAN
100599,1211.3,1,415450.81,<1H OCEAN
100600,2537.2,3,393108.74,NEAR BAY
100601,2119.5,3,422946.69,inland
100602,1935.0,5,481778.14,NEAR BAY
100603,1632.9,1,472921.11,NEAR OCEAN
100604,2404.3,3,453574.89,ISLAND
100605,1349.8,3,383107.87,<1H OCEAN
100606,1625.2,3,653405.75,NEAR OCEAN
100607,2587.9,1,323100.12,island
100608,1985.2,3,521657.36,NEAR BAY
100609,1709.6,2,321940.86,inland
100610,1861.0,1,299557.28,NEAR OCEAN
100611,2337.8,99,210793.37,INLAND
100612,3268.7,99,546093.95,
100613,1998.9,3,726804.98,NEAR OCEAN
100614,1394.7,,449176.76,ISLAND
100615,2079.6,,648308.67,NEAR BAY
100616,,3,284443.4,NEAR OCEAN
100617,758.7,1,534857.5,INLAND
100618,2674.1,5,369840.64,NEAR OCEAN
100619,2215.4,2,388472.79,NEAR BAY
100620,1660.9,99,250221.59,ISLAND
100621,1875.0,3,276294.68,ISLAND
100622,2500.4,3,420158.25,inland
100623,1356.0,2,243894.33,<1H OCEAN
100624,1271.7,99,618864.99,island
100625,1980.0,3,634755.8,island
100626,1111.5,1,534844.6,NEAR OCEAN
100627,2381.6,5,277831.23,inland
100628,1003.4,3,579956.89,island
100629,1709.8,,456852.98,NEAR OCEAN
100630,1689.0,3,228993.18,inland
100631,2836.2,,493125.14,ISLAND
100632,-999.0,2,313153.8,island
100633,1683.8,4,270151.09,NEAR BAY
100634,2047.7,3,410287.36,ISLAND
100635,1592.2,4,616300.29,ISLAND
100636,2205.9,,226963.37,
100637,,,355998.71,inland
100638,2078.6,5,363077.89,
100639,1962.8,1,407587.13,<1H OCEAN
100640,989.1,3,457019.54,ISLAND
100641,2817.8,99,755048.86,NEAR BAY
100642,-999.0,1,422756.67,ISLAND
100643,1860.0,5,327308.51,island
100644,2156.7,,552461.66,NEAR BAY
100645,1365.2,5,645126.61,NEAR BAY
100646,1850.7,,686789.61,ISLAND
100647,2402.2,3,760865.69,island
100648,1667.0,4,436297.71,island
100649,2059.6,2,357548.07,NEAR OCEAN
100650,2109.5,99,523221.82,island
100651,2409.2,,647258.44,island
100652,1182.4,4,375100.25,<1H OCEAN
100653,1569.4,2,157579.15,INLAND
100654,1997.5,2,540024.29,NEAR BAY
100655,1198.8,1,541106.5,NEAR BAY
100656,1467.2,4,605091.34,NEAR BAY
100657,2129.8,5,500548.16,island
100658,1122.1,1,604621.32,inland
100659,2853.5,3,280913.44,NEAR OCEAN
100660,2182.8,,438112.3,<1H OCEAN
100661,-999.0,5,493742.53,inland
100662,3009.6,3,652704.5,NEAR BAY
100663,2324.4,1,469676.28,NEAR BAY
100664,1667.4,,615274.48,island
100665,2014.4,99,123593.07,NEAR OCEAN
100666,1757.4,,441330.9,
100667,1553.7,5,533405.56,island
100668,1480.6,,454812.05,INLAND
100669,1189.8,2,175850.8,<1H OCEAN
100670,1665.2,99,530648.91,INLAND
100671,,4,332522.98,island
100672,,3,286103.37,island
100673,,1,465679.12,NEAR OCEAN
100674,2248.6,3,486311.4,
100675,2385.1,,188797.08,INLAND
100676,1992.5,3,174437.33,
100677,2400.3,2,256043.33,
100678,1122.0,5,500557.79,<1H OCEAN
100679,2793.2,,514038.44,ISLAND
100680,2668.4,99,483008.66,inland
100681,1789.5,1,568709.46,ISLAND
100682,1090.2,99,652169.08,island
100683,2112.5,,383516.59,island
100684,1208.1,1,461973.54,ISLAND
100685,1193.2,1,94981.4,ISLAND
100686,2028.9,2,359664.86,ISLAND
100687,1113.3,,335243.62,NEAR BAY
100688,310.3,2,129164.12,<1H OCEAN
100689,2150.7,4,379352.92,NEAR OCEAN
100690,1564.0,3,513081.55,NEAR BAY
100691,1755.9,1,557269.69,island
100692,2168.6,3,575993.19,
100693,2012.5,3,565387.48,NEAR OCEAN
100694,1677.1,1,364895.07,INLAND
100695,808.3,,157299.47,<1H OCEAN
100696,2012.1,4,333039.93,inland
100697,1027.6,1,623554.52,NEAR OCEAN
100698,2324.4,3,627818.93,INLAND
100699,1291.7,99,461435.9,<1H OCEAN
100700,1507.7,,419890.91,<1H OCEAN
100701,1670.4,1,131271.79,INLAND
100702,1658.6,3,324781.11,ISLAND
100703,1433.0,4,523150.67,<1H OCEAN
100704,-999.0,3,230896.04,inland
100705,1709.7,99,406113.14,island
100706,1609.9,2,390117.86,island
100707,576.4,99,383549.59,<1H OCEAN
100708,1977.9,3,332836.59,ISLAND
100709,1331.9,4,429874.4,island
100710,2213.4,4,358215.2,
100711,2429.7,1,438807.4,ISLAND
100712,1300.1,5,494157.65,INLAND
100713,2589.0,3,340407.3,ISLAND
100714,1916.9,99,221524.23,<1H OCEAN
100715,2420.5,99,785713.96,NEAR OCEAN
100716,1806.5,4,585570.06,island
100717,1946.6,99,514446.27,NEAR OCEAN
100718,790.0,,505638.82,ISLAND
100719,1376.9,99,563446.27,inland
100720,1794.5,,507346.73,ISLAND
100721,2125.4,,521355.84,island
100722,1034.4,5,280816.35,
100723,1419.7,3,481959.15,NEAR OCEAN
100724,1944.8,3,527873.24,ISLAND
100725,,,136414.69,island
100726,2733.7,,295879.98,ISLAND
100727,1288.2,3,504086.44,
100728,2777.6,99,409267.03,ISLAND
100729,1163.5,1,414333.03,ISLAND
100730,2228.9,4,667298.81,INLAND
100731,1127.6,3,650624.7,ISLAND
100732,1678.3,1,505625.41,NEAR OCEAN
100733,1806.2,99,526465.52,INLAND
100734,1655.9,3,632794.04,INLAND
100735,831.3,3,254861.43,inland
100736,1718.4,99,585170.25,island
100737,2393.4,,377928.3,ISLAND
100738,-999.0,3,539511.45,inland
100739,1930.5,99,608436.02,INLAND
100740,1773.4,,699744.59,<1H OCEAN
100741,2800.3,,148498.91,INLAND
100742,1538.8,1,304240.32,INLAND
100743,1995.2,5,535611.82,NEAR OCEAN
100744,-999.0,3,486177.08,NEAR OCEAN
100745,1306.6,3,663853.87,
100746,1605.2,,490138.82,
100747,1912.0,2,51572.05,<1H OCEAN
100748,1836.8,3,532545.02,inland
100749,1728.4,2,297982.64,NEAR BAY
100750,1409.9,4,418724.53,NEAR OCEAN
100751,713.0,1,482487.54,<1H OCEAN
100752,1112.5,,622417.67,inland
100753,1027.6,1,389547.84,inland
100754,1168.2,2,497983.58,inland
100755,976.1,3,581957.45,INLAND
100756,1192.7,4,717677.69,inland
100757,2053.8,2,414024.8,inland
100758,719.9,4,408777.32,inland
100759,982.8,,617030.18,
100760,,4,562393.06,<1H OCEAN
100761,1832.0,4,539359.15,<1H OCEAN
100762,2124.1,3,568099.06,<1H OCEAN
100763,2775.3,,480413.58,<1H OCEAN
100764,782.9,,401491.35,<1H OCEAN
100765,1355.5,1,526637.57,inland
100766,2230.7,4,366031.24,NEAR BAY
100767,918.7,5,435445.83,<1H OCEAN
100768,1485.9,99,359743.17,<1H OCEAN
100769,2911.6,99,680774.76,
100770,2053.0,3,668806.76,INLAND
100771,2030.7,4,490393.61,NEAR BAY
100772,1618.2,,401222.93,NEAR OCEAN
100773,1986.5,5,528719.8,ISLAND
100774,2317.5,,921450.47,ISLAND
100775,2188.7,99,375567.72,NEAR OCEAN
100776,1186.2,99,394099.23,<1H OCEAN
100777,302.5,3,727883.99,INLAND
100778,1175.5,,442807.41,inland
100779,684.0,,573426.43,island
100780,1314.9,,506958.63,island
100781,2282.6,1,545695.23,NEAR OCEAN
100782,,5,259701.53,
100783,,,403008.93,<1H OCEAN
100784,1779.9,,469996.08,inland
100785,2925.2,2,354249.94,<1H OCEAN
100786,1293.4,1,576688.7,INLAND
100787,1184.1,3,396484.7,ISLAND
100788,,4,328491.83,
100789,2577.0,5,458591.0,ISLAND
100790,2090.6,,738254.42,
100791,2119.3,99,652341.84,NEAR OCEAN
100792,1446.4,3,568438.51,NEAR OCEAN
100793,1933.9,3,372986.95,<1H OCEAN
100794,1773.2,,369627.45,NEAR BAY
100795,2255.2,4,461470.32,island
100796,1197.1,5,553337.13,
100797,2364.5,,845171.44,island
100798,1920.1,3,392456.16,
100799,,99,506885.47,island
100800,1537.6,3,538355.81,INLAND
100801,2816.4,2,379572.71,<1H OCEAN
100802,2083.6,2,208270.41,inland
100803,2306.8,99,319583.03,ISLAND
100804,1546.1,3,341726.9,NEAR OCEAN
100805,1522.4,4,433787.63,INLAND
100806,1231.5,99,336139.38,
100807,1536.3,2,468524.53,island
100808,409.2,4,537924.26,NEAR BAY
100809,1300.3,2,356829.55,inland
100810,1669.2,99,153575.6,inland
100811,2708.0,3,920269.83,
100812,1448.1,2,341610.42,<1H OCEAN
100813,1682.7,3,555020.52,island
100814,2499.7,3,375112.69,
100815,1040.6,3,177102.28,NEAR OCEAN
100816,1323.4,3,338496.02,island
100817,2715.4,99,238478.93,ISLAND
100818,2634.9,3,280153.3,NEAR BAY
100819,1146.2,3,555938.06,ISLAND
100820,,2,446031.96,INLAND
100821,3654.4,3,325656.46,NEAR BAY
100822,1749.0,2,305076.33,<1H OCEAN
100823,1352.4,5,536592.38,NEAR OCEAN
100824,1392.0,,770122.14,inland
100825,2284.6,2,563382.09,INLAND
100826,,,554148.69,NEAR BAY
100827,116.2,,690687.9,ISLAND
100828,1757.0,99,350929.79,INLAND
100829,1883.7,1,596009.2,NEAR OCEAN
100830,1630.1,99,641767.81,<1H OCEAN
100831,1816.6,5,381190.48,NEAR OCEAN
100832,1559.3,1,281200.24,NEAR OCEAN
100833,980.5,99,421449.37,island
100834,2692.8,3,309117.11,inland
100835,-999.0,,462099.98,<1H OCEAN
100836,1712.5,5,272821.67,island
100837,1003.3,,433857.38,
100838,1315.1,3,720658.26,
100839,2634.2,4,560792.78,INLAND
100840,1121.8,,690517.1,inland
100841,-999.0,4,229395.18,NEAR BAY
100842,1182.2,,427382.66,NEAR BAY
100843,2100.1,,505586.35,INLAND
100844,1964.6,5,306083.67,inland
100845,-999.0,2,517585.5,ISLAND
100846,2398.3,4,567552.31,ISLAND
100847,1610.6,99,615580.9,ISLAND
100848,2082.7,99,263967.14,
100849,1678.0,4,616194.32,island
100850,2099.6,3,412962.88,inland
100851,1363.6,4,255290.78,inland
100852,2432.7,4,205854.17,NEAR BAY
100853,1360.0,1,633605.62,
100854,869.2,2,628276.59,ISLAND
100855,2035.2,3,606072.73,inland
100856,1829.1,,578082.85,island
100857,1637.4,5,556812.01,ISLAND
100858,1439.6,1,598118.04,
100859,1825.5,,555838.54,NEAR OCEAN
100860,697.6,,364748.23,INLAND
100861,2109.8,4,433836.58,
100862,-999.0,3,495892.19,island
100863,,3,593784.31,<1H OCEAN
100864,848.1,3,411592.21,NEAR OCEAN
100865,1899.9,3,296101.65,ISLAND
100866,1750.8,1,213136.03,NEAR BAY
100867,,4,447854.76,<1H OCEAN
100868,1385.3,2,526109.23,
100869,1190.0,99,529206.73,ISLAND
100870,2159.0,5,358608.75,<1H OCEAN
100871,2105.4,99,520576.28,island
100872,2763.6,1,292057.08,NEAR BAY
100873,1487.9,5,268093.07,<1H OCEAN
100874,1372.9,1,551729.04,NEAR OCEAN
100875,2524.8,1,575814.42,inland
100876,297.2,3,389963.61,<1H OCEAN
100877,2223.3,3,515313.88,
100878,1868.6,,250624.7,INLAND
100879,2003.3,,413625.47,ISLAND
100880,-96.6,3,519957.8,island
100881,1353.5,4,573148.12,NEAR BAY
100882,2187.2,,661137.66,island
100883,1967.3,3,172834.47,NEAR OCEAN
100884,2090.3,99,453744.25,island
100885,1839.6,2,156527.2,INLAND
100886,3026.2,4,506568.71,inland
100887,569.3,,305737.81,<1H OCEAN
100888,1238.3,3,611056.22,NEAR BAY
100889,2517.2,1,759000.71,NEAR BAY
100890,1649.3,1,717525.86,island
100891,2045.6,99,745239.75,NEAR OCEAN
100892,2230.4,5,433386.59,
100893,1580.2,3,399855.48,<1H OCEAN
100894,1666.7,99,310643.17,INLAND
100895,1750.2,4,146661.86,island
100896,3098.7,3,260424.46,
100897,1773.7,3,670725.77,island
100898,1570.3,,410391.87,<1H OCEAN
100899,1456.3,2,189672.97,INLAND
100900,1481.9,,600807.31,INLAND
100901,939.8,1,346906.83,island
100902,1240.9,1,482537.86,ISLAND
100903,1666.7,3,294074.55,NEAR BAY
100904,2331.9,,341557.85,
100905,1103.5,5,617591.37,
100906,1991.3,3,547642.38,inland
100907,-999.0,99,219905.29,ISLAND
100908,2149.4,3,558383.62,<1H OCEAN
100909,2115.6,99,432673.39,ISLAND
100910,1661.6,3,214964.32,NEAR OCEAN
100911,1701.7,3,497313.44,INLAND
100912,1946.2,1,314555.27,ISLAND
100913,1040.3,5,509065.62,
100914,1478.4,,559272.7,INLAND
100915,857.9,99,568449.3,
100916,1345.7,3,495317.13,NEAR OCEAN
100917,3406.8,4,305505.05,NEAR OCEAN
100918,,3,516471.34,island
100919,1229.4,2,128401.45,inland
100920,2385.6,3,545270.0,
100921,1387.0,3,262061.01,ISLAND
100922,1243.5,,701264.93,NEAR BAY
100923,1553.6,2,379612.16,NEAR OCEAN
100924,2301.4,3,468532.13,island
100925,2301.4,2,249692.32,NEAR OCEAN
100926,1539.7,,616259.78,NEAR BAY
100927,1900.9,99,412097.27,INLAND
100928,1224.3,5,241104.6,
100929,1558.6,2,305784.29,inland
100930,,3,498007.27,INLAND
100931,1655.9,4,503079.77,NEAR OCEAN
100932,1627.1,,433599.6,NEAR OCEAN
100933,1602.1,99,496115.38,ISLAND
100934,1341.4,3,329364.14,NEAR BAY
100935,1688.9,1,509823.03,inland
100936,1216.2,,424272.94,NEAR BAY
100937,1427.7,2,331715.64,island
100938,1457.2,1,533205.33,island
100939,2200.0,1,643680.94,ISLAND
100940,2672.4,3,426614.91,<1H OCEAN
100941,2594.0,99,637592.33,island
100942,1666.4,1,699208.3,INLAND
100943,2466.4,4,479833.91,NEAR OCEAN
100944,,3,512571.2,inland
100945,2808.6,,584076.13,NEAR OCEAN
100946,1450.0,1,563695.15,
100947,2176.4,2,211351.33,inland
100948,1368.2,5,293876.05,ISLAND
100949,2594.6,4,497903.51,<1H OCEAN
100950,,5,544169.25,inland
100951,1805.9,3,578596.06,NEAR OCEAN
100952,888.1,4,557094.21,ISLAND
100953,1371.6,3,336128.83,NEAR BAY
100954,1576.3,5,410464.48,INLAND
100955,2759.7,3,489308.28,NEAR OCEAN
100956,2013.1,99,339290.06,INLAND
100957,1520.3,4,581788.77,NEAR BAY
100958,1846.4,,531638.66,inland
100959,2021.2,99,511998.16,NEAR BAY
100960,1744.6,2,449828.65,island
100961,2439.3,1,261578.34,
100962,1867.0,,360326.42,NEAR OCEAN
100963,1413.9,1,292648.5,<1H OCEAN
100964,2218.9,3,459611.35,INLAND
100965,2890.5,3,488887.87,ISLAND
100966,1812.0,,739689.64,inland
100967,-999.0,5,520525.34,NEAR OCEAN
100968,1634.4,3,601547.9,<1H OCEAN
100969,1905.0,5,436043.61,<1H OCEAN
100970,1026.4,,529605.37,ISLAND
100971,1546.0,4,898921.97,NEAR BAY
100972,2229.4,3,426217.37,island
100973,1639.5,1,493479.77,NEAR BAY
100974,1561.7,3,362862.43,ISLAND
100975,1620.0,2,475423.25,NEAR OCEAN
100976,1462.7,4,397642.0,ISLAND
100977,2163.2,4,327425.69,<1H OCEAN
100978,1397.4,,343070.69,<1H OCEAN
100979,2003.2,5,453898.14,
100980,2799.5,3,417297.97,inland
100981,2571.6,3,273816.13,INLAND
100982,2694.4,,601681.71,inland
100983,1730.5,99,463132.76,ISLAND
100984,1205.7,1,336215.51,NEAR OCEAN
100985,1374.8,5,479386.65,inland
100986,2399.3,4,583209.49,inland
100987,1523.4,,598169.99,inland
100988,2409.9,3,618729.61,island
100989,1145.4,4,585647.95,ISLAND
100990,2211.4,,686251.73,NEAR BAY
100991,1498.9,4,336595.84,island
100992,2084.6,,482521.1,ISLAND
100993,1214.4,3,263043.15,INLAND
100994,1133.1,3,368635.59,INLAND
100995,1172.9,3,428003.17,NEAR BAY
100996,,3,305399.21,
100997,1895.4,1,562386.51,island
100998,1631.7,1,372670.25,NEAR OCEAN
100999,1686.6,2,599869.46,NEAR BAY
101000,1720.6,99,344306.75,NEAR OCEAN
